{
    "SingleFrame_RuleBased": {
        "DoS": {
            "precision": 0.0,
            "recall": 0.0,
            "f1_score": 0.0
        },
        "Fuzzy": {
            "precision": 0.5714285714285714,
            "recall": 0.0006282393591958537,
            "f1_score": 0.0012550988390335738
        },
        "Gear": {
            "precision": 0.0,
            "recall": 0.0,
            "f1_score": 0.0
        },
        "RPM": {
            "precision": 0.0,
            "recall": 0.0,
            "f1_score": 0.0
        },
        "Overall": {
            "precision": 0.5714285714285714,
            "recall": 0.0001417133139658471,
            "f1_score": 0.0002833563560372614
        }
    },
    "SingleFrame_IsolationForest": {
        "DoS": {
            "precision": 0.4306663236429123,
            "recall": 0.4134354161521363,
            "f1_score": 0.421875
        },
        "Fuzzy": {
            "precision": 0.2196755994358251,
            "recall": 0.1956965603895084,
            "f1_score": 0.20699393637345295
        },
        "Gear": {
            "precision": 0.10259529602595296,
            "recall": 0.07457627118644068,
            "f1_score": 0.08637023128787233
        },
        "RPM": {
            "precision": 0.10131979695431471,
            "recall": 0.0715309633027523,
            "f1_score": 0.08385849928577431
        },
        "Overall": {
            "precision": 0.558503740648379,
            "recall": 0.19836321122369446,
            "f1_score": 0.29275051632637056
        }
    },
    "SingleFrame_Autoencoder": {
        "DoS": {
            "precision": 0.48137947551191473,
            "recall": 0.9928377377130155,
            "f1_score": 0.6483870967741936
        },
        "Fuzzy": {
            "precision": 0.30212697389622944,
            "recall": 0.5889743992461127,
            "f1_score": 0.3993822887267693
        },
        "Gear": {
            "precision": 0.435000978409758,
            "recall": 0.982903463522476,
            "f1_score": 0.6030927835051546
        },
        "RPM": {
            "precision": 0.4445299474156727,
            "recall": 0.9936926605504587,
            "f1_score": 0.6142667257421356
        },
        "Overall": {
            "precision": 0.7456318092385399,
            "recall": 0.8995606887267059,
            "f1_score": 0.8153952375600122
        }
    },
    "WindowEnsemble_Consensus": {
        "DoS": {
            "precision": 0.5042194092827004,
            "recall": 0.25689716947330704,
            "f1_score": 0.34037502967006883
        },
        "Fuzzy": {
            "precision": 0.4040574809805579,
            "recall": 0.20139035180113757,
            "f1_score": 0.2688035990440039
        },
        "Gear": {
            "precision": 0.07963446475195822,
            "recall": 0.025102880658436213,
            "f1_score": 0.038172715894868585
        },
        "RPM": {
            "precision": 0.055592766242464835,
            "recall": 0.016666666666666666,
            "f1_score": 0.025644986868530822
        },
        "Overall": {
            "precision": 0.6479400749063671,
            "recall": 0.12866279934553027,
            "f1_score": 0.21469347232563912
        }
    }
}