{
    "IsolationForest": {
        "DoS": {
            "precision": 0.4306663236429123,
            "recall": 0.4134354161521363,
            "f1_score": 0.421875
        },
        "Fuzzy": {
            "precision": 0.2196755994358251,
            "recall": 0.1956965603895084,
            "f1_score": 0.20699393637345295
        },
        "Gear": {
            "precision": 0.10259529602595296,
            "recall": 0.07457627118644068,
            "f1_score": 0.08637023128787233
        },
        "RPM": {
            "precision": 0.10131979695431471,
            "recall": 0.0715309633027523,
            "f1_score": 0.08385849928577431
        },
        "Overall": {
            "precision": 0.558503740648379,
            "recall": 0.19836321122369446,
            "f1_score": 0.29275051632637056
        }
    },
    "Autoencoder": {
        "DoS": {
            "precision": 0.37869401125115715,
            "recall": 0.6567053593479871,
            "f1_score": 0.4803757734519669
        },
        "Fuzzy": {
            "precision": 0.39569192408920906,
            "recall": 0.8972828647714779,
            "f1_score": 0.5491949050708964
        },
        "Gear": {
            "precision": 0.09884321421193969,
            "recall": 0.1410464259395726,
            "f1_score": 0.11623246492985972
        },
        "RPM": {
            "precision": 0.09669738068122995,
            "recall": 0.1338876146788991,
            "f1_score": 0.11229335737902015
        },
        "Overall": {
            "precision": 0.5969418395158682,
            "recall": 0.45780486076666904,
            "f1_score": 0.5181962183947226
        }
    },
    "RuleBasedBaseline": {
        "DoS": {
            "precision": 0.0,
            "recall": 0.0,
            "f1_score": 0.0
        },
        "Fuzzy": {
            "precision": 0.5714285714285714,
            "recall": 0.0006282393591958537,
            "f1_score": 0.0012550988390335738
        },
        "Gear": {
            "precision": 0.0,
            "recall": 0.0,
            "f1_score": 0.0
        },
        "RPM": {
            "precision": 0.0,
            "recall": 0.0,
            "f1_score": 0.0
        },
        "Overall": {
            "precision": 0.5714285714285714,
            "recall": 0.0001417133139658471,
            "f1_score": 0.0002833563560372614
        }
    }
}