{
    "delta_t": {
        "mean": 0.0008164714863306793,
        "std": 0.0012586235593654118
    },
    "can_id_freq": {
        "mean": 7.752713832733412,
        "std": 4.603688825002685
    },
    "payload_entropy": {
        "mean": 1.8931188116592756,
        "std": 0.44858206979816034
    },
    "dlc_consistency": {
        "mean": 0.0022419465583210845,
        "std": 0.015265052175527654
    },
    "payload_byte_variance": {
        "mean": 5328.644333325852,
        "std": 2199.61863170599
    },
    "inter_id_interval_mean": {
        "mean": -0.32060330733091585,
        "std": 64.4930985997957
    },
    "can_id_transition_entropy": {
        "mean": 2.22615844233144,
        "std": 1.3600357984382294
    }
}